Acheteur_média	Acheteur média
Acquisition_de_talents	Acquisition de talents
Acupuncteur	Acupuncteur
Agent_de_voyages	Agent de voyages
Agent_des_prêts	Agent des prêts
Agent_immobilier	Agent immobilier
Agronome	Agronome
Analyste_de_banque_d’investissement	Analyste de banque d’investissement
Analyste_de_portefeuille	Analyste de portefeuille
Analyste_des_Investissement_privés	Analyste des Investissement privés
Analyste_en_sécurité_des_réseaux	Analyste en sécurité des réseaux
Analyste_marketing_commercial	Analyste marketing commercial
Anesthésiste	Anesthésiste
Animateur_3D	Animateur 3D
Archiviste	Archiviste
Artiste_environnemental	Artiste environnemental
Avocat	Avocat
Banquier	Banquier
Barman	Barman
Boulanger	Boulanger
Cadre_dans_les_relations_publiques	Cadre dans les relations publiques
Caissier·ère	Caissier·ère
Caméraman	Caméraman
Chanteur	Chanteur
Charpentier	Charpentier
Chauffeur_de_camions	Chauffeur de camions
Coach_sportif	Coach sportif
Coiffeur	Coiffeur
Compositeur	Compositeur
Comptable_fiscaliste	Comptable fiscaliste
Concepteur_graphique	Concepteur graphique
Concepteur_textile	Concepteur textile
Concepteur_urbain	Concepteur urbain
Conducteur_de_chariot_élévateur	Conducteur de chariot élévateur
Conseiller_politique	Conseiller politique
Consultant_en_stratégie_commerciale	Consultant en stratégie commerciale
Copywriter_/_Rédacteur_publicitaire	Copywriter / Rédacteur publicitaire
Courtier_en_actions	Courtier en actions
Courtier_en_assurances	Courtier en assurances
Créateur_de_mode	Créateur de mode
Cuisinier	Cuisinier
Danseur	Danseur
Dentiste	Dentiste
Directeur_de_galerie	Directeur de galerie
Décorateur_d’intérieur	Décorateur d’intérieur
Détective_de_police	Détective de police
Détective_privé	Détective privé
Développeur_Java	Développeur Java
Développeur_Web	Développeur Web
Développeur_iOS	Développeur iOS
Enseignant_de_maternelle	Enseignant de maternelle
Enseignant_dՎcole_primaire	Enseignant dՎcole primaire
Entraîneur_de_chiens	Entraîneur de chiens
Facteur	Facteur
Gardien_/_Conservateur	Gardien / Conservateur
Géologue_d’exploration	Géologue d’exploration
Hydrogéologue	Hydrogéologue
Infirmier_diplômé	Infirmier diplômé
Ingénieur_automobile	Ingénieur automobile
Ingénieur_aérospatial	Ingénieur aérospatial
Ingénieur_biomédical	Ingénieur biomédical
Ingénieur_civil	Ingénieur civil
Ingénieur_de_radio_et_télédiffusion	Ingénieur de radio et télédiffusion
Ingénieur_des_télécommunications	Ingénieur des télécommunications
Ingénieur_en_automatisation	Ingénieur en automatisation
Ingénieur_en_conception_analogique	Ingénieur en conception analogique
Ingénieur_en_forage	Ingénieur en forage
Ingénieur_en_sans_fil	Ingénieur en sans fil
Ingénieur_mécanique	Ingénieur mécanique
Ingénieur_réseau	Ingénieur réseau
Ingénieur_électronique	Ingénieur électronique
Levée_de_fonds	Levée de fonds
Maquilleur_professionnel	Maquilleur professionnel
Marin	Marin
Moniteur_de_fitness_personnel	Moniteur de fitness personnel
Monteur_vidéo	Monteur vidéo
Médiateur	Médiateur
Métallurgiste	Métallurgiste
Nounou	Nounou
Opérateur_chimique	Opérateur chimique
Pharmacien	Pharmacien
Photographe	Photographe
Pilote_de_ligne	Pilote de ligne
Planificateur_de_mariage	Planificateur de mariage
Plombier	Plombier
Pompier	Pompier
Professeur_d’histoire	Professeur d’histoire
Présentateur_du_journal_télévisé	Présentateur du journal télévisé
Psychothérapeute	Psychothérapeute
Recruteur_technique	Recruteur technique
Représentant_de_l’appui_technique	Représentant de l’appui technique
Réalisateur	Réalisateur
Spécialiste_Import-Export	Spécialiste Import-Export
Spécialiste_de_la_logistique	Spécialiste de la logistique
Superviseur_de_l’accueil	Superviseur de l’accueil
Technicien_chargé_du_support_informatique	Technicien chargé du support informatique
Technicien_en_réparation_d’ordinateurs	Technicien en réparation d’ordinateurs
Technologue_de_l'agroalimentation	Technologue de l'agroalimentation
Technologue_en_radiologie	Technologue en radiologie
Toiletteur_canin	Toiletteur canin
Traducteur	Traducteur
Traiteur	Traiteur
Vétérinaire	Vétérinaire
Éditeur	Éditeur
